Ticker,Nome,Negócios,Última (R$),Variação,marketCap,marketCap_date
PETR3,Petrobras,12.797.400,"44,30","+1,82%",563748470784.0,17/02/2024
PETR4,Petrobras,37.186.100,"42,69","+0,92%",563747028992.0,17/02/2024
ITUB3,Itaú Unibanco,311.800,"29,73","+0,61%",313838796800.0,17/02/2024
ITUB4,Itaú Unibanco,22.821.200,"34,54","-0,12%",313837715456.0,17/02/2024
VALE3,Vale,40.732.600,"67,68","+3,31%",289956003840.0,17/02/2024
ABEV3,Ambev,20.983.400,"12,76","-0,70%",200962342912.0,17/02/2024
BPAC3,Banco BTG Pactual,3.200,"18,45","+1,88%",184476581888.0,17/02/2024
BPAC5,Banco BTG Pactual,27.600,"8,92","-2,62%",184476303360.0,17/02/2024
BBAS3,Banco do Brasil,9.489.500,"57,87","-0,84%",165151129600.0,17/02/2024
WEGE3,WEG,6.428.400,"33,40","+0,57%",140120686592.0,17/02/2024
BBDC4,Banco Bradesco,55.168.200,"13,48","+0,37%",137060597760.0,17/02/2024
BBDC3,Banco Bradesco,11.874.200,"12,28","+0,49%",137059524608.0,17/02/2024
SANB3,Banco Santander,78.800,"13,73","+2,77%",108586582016.0,17/02/2024
SANB4,Banco Santander,77.100,"15,41","+2,26%",108586557440.0,17/02/2024
ITSA4,Itaúsa,18.463.300,"10,46","+0,38%",107926282240.0,17/02/2024
ITSA3,Itaúsa,81.000,"10,43","+0,19%",107925471232.0,17/02/2024
ELET5,Eletrobras,200,"90,00","+0,00%",96836403200.0,17/02/2024
ELET3,Eletrobras,5.785.400,"42,50","-0,89%",96836255744.0,17/02/2024
ELET6,Eletrobras,938.200,"46,84","-0,59%",96836075520.0,17/02/2024
VIVT3,Vivo,2.341.400,"52,66","-2,54%",87024861184.0,17/02/2024
B3SA3,B3,66.926.100,"12,73","+0,32%",71221927936.0,17/02/2024
SUZB3,Suzano,3.225.000,"53,05","+1,36%",68230787072.0,17/02/2024
BBSE3,BB Seguridade,6.557.400,"32,66","-1,06%",64564576256.0,17/02/2024
RDOR3,Rede D'Or,3.450.300,"26,42","-0,45%",59580268544.0,17/02/2024
SBSP3,Sabesp,2.301.100,"81,44","+0,93%",55665057792.0,17/02/2024
RENT3,Localiza,6.151.000,"51,86","-0,52%",54904700928.0,17/02/2024
JBSS3,JBS,4.933.900,"22,45","-0,31%",49796792320.0,17/02/2024
RAIL3,Rumo,14.352.100,"23,43","-1,93%",43334021120.0,17/02/2024
RADL3,RaiaDrogasil,4.804.800,"25,24","-0,55%",43270950912.0,17/02/2024
TIMS3,TIM,12.070.700,"17,40","-3,81%",42118438912.0,17/02/2024
CXSE3,Caixa Seguridade,5.849.700,"13,83","+0,88%",41489997824.0,17/02/2024
CPFE3,CPFL Energia,962.200,"35,86","-0,61%",41319686144.0,17/02/2024
EQTL3,Equatorial Energia,5.271.600,"33,90","-0,94%",38174113792.0,17/02/2024
PRIO3,PetroRio,9.044.900,"45,40","+1,86%",38072123392.0,17/02/2024
GGBR3,Gerdau,40.800,"19,98","+2,88%",36368793600.0,17/02/2024
GGBR4,Gerdau,19.410.300,"21,21","+2,46%",36368785408.0,17/02/2024
CMIN3,CSN Mineração,6.076.600,"6,51","+1,72%",35709566976.0,17/02/2024
CSAN3,Cosan,6.291.500,"18,94","+1,94%",35362115584.0,17/02/2024
EGIE3,Engie,1.625.600,"40,76","-0,27%",33257224192.0,17/02/2024
UGPA3,Ultrapar,4.431.000,"29,83","+1,26%",32500082688.0,17/02/2024
CPLE5,Copel,300,"21,92","-1,31%",29251801088.0,17/02/2024
CPLE3,Copel,7.894.200,"9,25","+0,33%",29251737600.0,17/02/2024
CPLE6,Copel,9.541.100,"10,21","+0,20%",29251649536.0,17/02/2024
CMIG4,CEMIG,12.319.200,"11,66","+1,83%",28182102016.0,17/02/2024
CMIG3,CEMIG,149.600,"15,09","+0,73%",28182083584.0,17/02/2024
VBBR3,Vibra Energia,8.623.000,"24,26","+1,93%",27049172992.0,17/02/2024
ENGI4,Energisa,3.000,"8,50","-0,58%",26931058688.0,17/02/2024
ENGI3,Energisa,4.300,"16,85","+1,38%",26931017728.0,17/02/2024
CCRO3,Grupo CCR,6.719.900,"13,27","-2,35%",26764529664.0,17/02/2024
HAPV3,Hapvida,63.737.000,"3,48","+0,87%",26082983936.0,17/02/2024
NEOE3,Neoenergia,1.659.700,"21,18","+2,12%",25674182656.0,17/02/2024
CSNA3,Siderúrgica Nacional,7.848.700,"19,04","+3,31%",25248753664.0,17/02/2024
BRFS3,BRF,4.702.500,"14,29","-0,28%",23879589888.0,17/02/2024
KLBN4,Klabin,1.928.400,"4,32","+0,23%",23516698624.0,17/02/2024
KLBN3,Klabin,393.500,"4,34","+0,93%",23516682240.0,17/02/2024
CRFB3,Carrefour Brasil,6.031.200,"11,13","-1,07%",23459368960.0,17/02/2024
NTCO3,Natura,7.850.600,"16,32","+0,25%",22535307264.0,17/02/2024
CEGR3,Naturgy (CEG),100,"85,00","-4,49%",21031720960.0,17/02/2024
HYPE3,Hypera,4.765.400,"33,22","+4,14%",21026068480.0,17/02/2024
BHIA3,Casas Bahia,7.718.000,"8,36","+5,03%",19799238656.0,17/02/2024
ENEV3,Eneva,8.744.800,"12,36","+2,15%",19566004224.0,17/02/2024
TRPL3,Transmissão Paulista,3.300,"31,50","-1,56%",18681925632.0,17/02/2024
TRPL4,Transmissão Paulista,1.321.600,"26,33","-0,68%",18681923584.0,17/02/2024
TOTS3,Totvs,4.935.500,"30,84","+0,65%",18621470720.0,17/02/2024
ASAI3,Assaí,4.964.600,"13,60","+1,57%",18382848000.0,17/02/2024
EQPA3,Equatorial Energia Pará,4.500,"8,13","+4,23%",17958600704.0,17/02/2024
EQPA7,Equatorial Energia Pará,500,"7,50","-3,23%",17936549888.0,17/02/2024
EQPA6,Equatorial Energia Pará,200,"9,00","-1,21%",17936549888.0,17/02/2024
EQPA5,Equatorial Energia Pará,100,"7,50","-2,98%",17936549888.0,17/02/2024
PSSA3,Porto Seguro,2.537.200,"26,12","-0,15%",16745322496.0,17/02/2024
EMBR3,Embraer,2.941.200,"22,51","-0,84%",16536589312.0,17/02/2024
GMAT3,Grupo Mateus,4.730.100,"7,28","-1,62%",16084067328.0,17/02/2024
ENMT4,Energisa MT,100,"71,01","+0,00%",15886215168.0,17/02/2024
ENMT3,Energisa MT,100,"75,50","+2,03%",15886181376.0,17/02/2024
BRKM5,Braskem,11.251.100,"19,25","+10,32%",15592172544.0,17/02/2024
BRKM3,Braskem,47.600,"19,80","+7,20%",15592163328.0,17/02/2024
BRKM6,Braskem,100,"14,03","-6,40%",15592100864.0,17/02/2024
MULT3,Multiplan,6.779.100,"25,90","+0,82%",15075016704.0,17/02/2024
MGLU3,Magazine Luiza,108.019.800,"2,04","-0,97%",14595485696.0,17/02/2024
REDE3,Rede Energia,1.200,"6,91","+0,58%",14582310912.0,17/02/2024
SMFT3,Smart Fit,1.155.500,"24,40","-0,81%",14304304128.0,17/02/2024
CIEL3,Cielo,41.786.100,"5,28","+0,57%",14243749888.0,17/02/2024
LREN3,Lojas Renner,10.531.100,"14,40","-0,48%",13760654336.0,17/02/2024
CGAS5,Comgás,1.900,"112,50","+0,00%",13714199552.0,17/02/2024
CGAS3,Comgás,1.900,"101,00","-8,34%",13714184192.0,17/02/2024
ALOS3,ALOS3,5.171.100,"23,47","-0,30%",13316877312.0,17/02/2024
MDIA3,M. Dias Branco,603.900,"39,05","+0,00%",13133490176.0,17/02/2024
AURE3,VTRM ENERGIA PARTICIPAÃiES S.A.,3.137.500,"13,04","+0,38%",13040000000.0,17/02/2024
USIM3,Usiminas,1.495.500,"9,95","+4,19%",12332826624.0,17/02/2024
USIM6,Usiminas,300,"16,28","+8,46%",12332800000.0,17/02/2024
USIM5,Usiminas,20.479.700,"10,11","+2,33%",12332783616.0,17/02/2024
GGPS3,GPS,1.571.400,"18,29","-0,38%",12293989376.0,17/02/2024
TAEE3,Taesa,189.200,"11,83","-0,59%",12288293888.0,17/02/2024
TAEE4,Taesa,357.200,"11,97","-0,42%",12288282624.0,17/02/2024
BPAN4,Banco Pan,7.961.300,"9,05","+2,96%",11484812288.0,17/02/2024
GOAU4,Metalúrgica Gerdau,5.606.100,"9,99","+2,04%",10440848384.0,17/02/2024
GOAU3,Metalúrgica Gerdau,61.000,"10,33","+2,38%",10440840192.0,17/02/2024
CEEB5,COELBA,100,"36,85","+2,05%",10367562752.0,17/02/2024
CEEB3,COELBA,100,"39,87","+0,94%",10367555584.0,17/02/2024
BNBR3,Banco do Nordeste,300,"117,00","-0,02%",10105465856.0,17/02/2024
STBP3,Santos Brasil,4.767.600,"10,82","-3,13%",9342658560.0,17/02/2024
VAMO3,Grupo Vamos,8.081.700,"8,27","+4,03%",9067475968.0,17/02/2024
SMTO3,São Martinho,2.554.700,"25,90","-0,84%",8971112448.0,17/02/2024
ALUP3,Alupar,7.200,"9,71","-0,41%",8877619200.0,17/02/2024
ALUP4,Alupar,8.200,"9,71","-0,10%",8877619200.0,17/02/2024
FLRY3,Fleury,2.175.700,"15,88","-0,13%",8655251456.0,17/02/2024
SLCE3,SLC Agrícola,6.836.100,"19,50","+4,17%",8578693120.0,17/02/2024
BRAP4,Bradespar,6.275.900,"22,25","+1,83%",8555970048.0,17/02/2024
BRAP3,Bradespar,30.200,"20,87","+2,81%",8555969536.0,17/02/2024
MRFG3,Marfrig,3.039.800,"9,05","-0,66%",8377196032.0,17/02/2024
CSMG3,COPASA,1.027.400,"21,79","+0,55%",8262353920.0,17/02/2024
CYRE3,Cyrela,3.763.700,"22,03","-0,32%",8259509760.0,17/02/2024
GOLL4,GOL,8.933.400,"2,57","+1,18%",8226852352.0,17/02/2024
SAPR4,Sanepar,2.757.200,"5,37","+1,13%",7979175936.0,17/02/2024
SAPR3,Sanepar,223.100,"5,10","+1,39%",7979153920.0,17/02/2024
MRSA5B,MRS Logística,300,"23,06","+0,00%",7811297792.0,17/02/2024
MRSA3B,MRS Logística,400,"23,15","-10,96%",7811295744.0,17/02/2024
MRSA6B,MRS Logística,200,"23,07","+0,04%",7811294208.0,17/02/2024
VIVA3,Vivara,1.226.800,"32,05","+0,50%",7538608640.0,17/02/2024
EKTR4,Elektro,300,"39,03","+0,03%",7467805184.0,17/02/2024
EKTR3,Elektro,200,"38,00","+0,03%",7467797504.0,17/02/2024
PORT3,Wilson Sons,316.000,"16,84","+0,00%",7409414656.0,17/02/2024
ODPV3,Odontoprev,717.500,"13,20","+0,00%",7292946944.0,17/02/2024
POMO3,Marcopolo,254.500,"6,42","+1,26%",7160289792.0,17/02/2024
POMO4,Marcopolo,4.084.400,"8,28","+0,49%",7160279040.0,17/02/2024
RRRP3,3R Petroleum,4.670.400,"29,33","+2,88%",7050462720.0,17/02/2024
UNIP6,Unipar,98.800,"68,27","+0,50%",6916706304.0,17/02/2024
UNIP3,Unipar,3.100,"64,25","+0,74%",6916705280.0,17/02/2024
UNIP5,Unipar,400,"72,49","-0,67%",6916690944.0,17/02/2024
RECV3,PetroRecôncavo,2.278.300,"23,35","+3,59%",6841222656.0,17/02/2024
WHRL4,Whirlpool,2.700,"4,58","+0,22%",6563872256.0,17/02/2024
WHRL3,Whirlpool,1.200,"4,27","+1,43%",6563844096.0,17/02/2024
ARZZ3,Arezzo,2.056.600,"58,78","+0,26%",6514822144.0,17/02/2024
INTB3,Intelbras,626.900,"19,68","-0,10%",6447384576.0,17/02/2024
SIMH3,Simpar,4.542.600,"7,43","+1,09%",6402215424.0,17/02/2024
ALPA4,Alpargatas,5.005.400,"9,34","+2,52%",6390652416.0,17/02/2024
ALPA3,Alpargatas,6.000,"9,59","+1,80%",6390651392.0,17/02/2024
ECOR3,EcoRodovias,1.665.500,"9,01","-1,31%",6267545088.0,17/02/2024
SRNA3,SRNA3,361.400,"10,04","+1,21%",6252219392.0,17/02/2024
AESB3,AES Brasil,1.797.700,"10,35","+0,88%",6229944320.0,17/02/2024
BRSR5,Banrisul,200,"18,47","-0,11%",6080120320.0,17/02/2024
BRSR3,Banrisul,3.200,"14,79","+0,75%",6080110080.0,17/02/2024
BRSR6,Banrisul,589.800,"14,92","+0,00%",6080108544.0,17/02/2024
DXCO3,Dexco,3.406.000,"7,42","+0,95%",5996413952.0,17/02/2024
ENAT3,Enauta,3.726.600,"22,24","+9,45%",5859684352.0,17/02/2024
GRND3,Grendene,1.302.800,"6,45","+0,94%",5816132608.0,17/02/2024
ABCB4,Banco ABC Brasil,716.000,"24,75","+1,14%",5777689600.0,17/02/2024
YDUQ3,YDUQS,4.753.700,"19,10","+2,52%",5565109760.0,17/02/2024
SOMA3,Grupo Soma,13.397.700,"7,09","+1,87%",5563856384.0,17/02/2024
DASA3,Dasa,185.600,"7,25","-0,82%",5416293888.0,17/02/2024
CASN3,CASAN,100,"10,43","-18,39%",5406505984.0,17/02/2024
SHUL3,Schulz,100,"27,94","-50,12%",5226316800.0,17/02/2024
CURY3,Cury,1.218.300,"17,98","+0,00%",5212114432.0,17/02/2024
ONCO3,Oncoclínicas,5.945.600,"10,17","-6,53%",5169329664.0,17/02/2024
BAZA3,Banco da Amazônia,3.400,"88,30","+0,78%",4949947904.0,17/02/2024
VULC3,Vulcabras,838.100,"18,13","+2,14%",4935891968.0,17/02/2024
MOAR3,Monteiro Aranha,100,"398,97","+2,83%",4887861248.0,17/02/2024
EQMA3B,Equatorial Maranhão,200,"29,49","-1,04%",4841786368.0,17/02/2024
TTEN3,3tentos,1.663.200,"9,63","-1,43%",4797791232.0,17/02/2024
CSRN3,COSERN,200,"28,40","+0,00%",4714229760.0,17/02/2024
CSRN5,COSERN,100,"28,13","+0,46%",4714222592.0,17/02/2024
CSRN6,COSERN,100,"25,38","-2,38%",4714207744.0,17/02/2024
ARML3,Armac,382.700,"13,61","-0,37%",4703057920.0,17/02/2024
BSLI3,Banco de Brasília,800,"12,76","-0,62%",4541283840.0,17/02/2024
BSLI4,Banco de Brasília,600,"11,66","-0,68%",4541278720.0,17/02/2024
LEVE3,Mahle Metal Leve,360.200,"33,45","+1,15%",4533779968.0,17/02/2024
COGN3,Cogna,39.418.200,"2,42","+2,11%",4530143744.0,17/02/2024
AZUL4,Azul,13.198.400,"12,20","+0,33%",4240231936.0,17/02/2024
FRAS3,Fras-le,180.200,"15,67","+2,02%",4184140800.0,17/02/2024
MRVE3,MRV,21.921.000,"7,30","+3,40%",4108622848.0,17/02/2024
LOGN3,Log-In,19.500,"37,84","-1,59%",4004985600.0,17/02/2024
GPAR3,CELGPAR,100,"50,00","+11,11%",3983800064.0,17/02/2024
FESA4,Ferbasa,694.700,"9,51","+1,93%",3928561920.0,17/02/2024
FESA3,Ferbasa,100,"15,39","-0,71%",3928559360.0,17/02/2024
BEEF3,Minerva,8.631.500,"6,52","+0,93%",3825942784.0,17/02/2024
DIRR3,Direcional,1.147.400,"22,10","+1,42%",3816537344.0,17/02/2024
TUPY3,Tupy,287.300,"25,26","+1,04%",3635621376.0,17/02/2024
COCE3,Coelce,200,"50,01","+2,86%",3564217344.0,17/02/2024
IGTI3,Iguatemi,80.900,"2,89","+0,35%",3556492032.0,17/02/2024
IGTI3,Jereissati Participações,80.900,"2,89","+0,35%",3556492032.0,17/02/2024
RAPT4,Randon,1.872.600,"10,72","+0,94%",3507659264.0,17/02/2024
RAPT3,Randon,9.800,"10,62","+1,53%",3507658496.0,17/02/2024
EZTC3,EZTEC,2.536.700,"15,36","+3,23%",3350415360.0,17/02/2024
IRBR3,IRB Brasil RE,1.306.300,"40,51","+1,27%",3315289600.0,17/02/2024
LWSA3,Locaweb,8.290.600,"5,42","+2,65%",3195946240.0,17/02/2024
BEES4,Banestes,4.200,"10,00","-0,50%",3064419840.0,17/02/2024
BEES3,Banestes,5.500,"9,59","-0,42%",3064417536.0,17/02/2024
JSLG3,JSL,331.100,"10,75","+0,37%",3058751232.0,17/02/2024
CBEE3,Ampla Energia,200,"12,00","-7,69%",3048420096.0,17/02/2024
CAML3,Camil Alimentos,697.800,"8,83","-0,11%",3011171328.0,17/02/2024
MOVI3,Movida,6.487.000,"8,09","-0,12%",2894440192.0,17/02/2024
MILS3,Mills,758.900,"11,93","-0,58%",2881095168.0,17/02/2024
JHSF3,JHSF,3.155.000,"4,26","+0,71%",2879730432.0,17/02/2024
SBFG3,Grupo SBF,4.003.200,"11,76","+1,12%",2865782528.0,17/02/2024
ORVR3,Orizon,324.200,"33,08","+0,49%",2744019200.0,17/02/2024
HBSA3,Hidrovias do Brasil,5.831.000,"3,59","+1,13%",2729774848.0,17/02/2024
BMEB4,Banco Mercantil do Brasil,8.100,"25,25","-1,83%",2553507328.0,17/02/2024
BMEB3,Banco Mercantil do Brasil,200,"23,95","-3,43%",2553501184.0,17/02/2024
VVEO3,Viveo,1.856.800,"7,95","+0,51%",2544373760.0,17/02/2024
CLSC4,Celesc,2.900,"66,15","+0,98%",2533968384.0,17/02/2024
CLSC3,Celesc,200,"65,02","-5,52%",2533965824.0,17/02/2024
MATD3,Mater Dei,332.900,"6,63","+1,69%",2532945152.0,17/02/2024
GUAR3,Guararapes,1.674.000,"5,02","+3,72%",2505968896.0,17/02/2024
CEAB3,C&A,2.563.200,"8,10","+1,63%",2475319808.0,17/02/2024
GEPA4,Rio Paranapanema Energia,200,"25,67","-0,04%",2465023488.0,17/02/2024
GEPA3,Rio Paranapanema Energia,600,"26,97","+0,11%",2465022976.0,17/02/2024
RANI3,Irani,575.700,"10,22","+0,99%",2451062784.0,17/02/2024
PLPL3,Plano&Plano,966.100,"12,10","+5,58%",2398897664.0,17/02/2024
AGRO3,BrasilAgro,270.100,"23,98","+1,70%",2388779776.0,17/02/2024
AMBP3,Ambipar,485.700,"14,18","+1,36%",2368655616.0,17/02/2024
ELMD3,Eletromidia,23.200,"17,00","-1,73%",2365346048.0,17/02/2024
CBAV3,CBA,4.541.500,"3,88","+3,74%",2314431488.0,17/02/2024
JALL3,Jalles Machado,454.500,"7,47","-0,66%",2252563456.0,17/02/2024
TFCO4,Track & Field,39.600,"14,30","+2,14%",2224121856.0,17/02/2024
BMGB4,Banco BMG,1.275.900,"3,83","-0,26%",2221595392.0,17/02/2024
BLAU3,Blau Farmacêutica,219.000,"12,22","+3,12%",2171261696.0,17/02/2024
LOGG3,LOG CP,100.200,"20,45","+1,24%",2051973504.0,17/02/2024
LIGT3,Light,502.800,"5,50","+2,80%",2049052544.0,17/02/2024
MYPK3,Iochpe-Maxion,1.125.700,"12,25","+3,03%",1840807552.0,17/02/2024
SOJA3,Boa Safra Sementes,240.400,"15,57","+2,77%",1823869824.0,17/02/2024
TASA4,Taurus,215.900,"14,33","+0,63%",1807428608.0,17/02/2024
TASA3,Taurus,9.400,"14,31","+0,42%",1807424640.0,17/02/2024
VSTE3,LE LIS BLANC,3.600,"16,40","-2,38%",1750470400.0,17/02/2024
TGMA3,Tegma,99.200,"25,72","+1,02%",1695920128.0,17/02/2024
PNVL3,Dimed,199.800,"11,35","+1,25%",1685077760.0,17/02/2024
ANIM3,Ânima Educação,6.611.100,"4,46","+5,19%",1683146112.0,17/02/2024
KEPL3,Kepler Weber,764.400,"9,34","+0,54%",1650938368.0,17/02/2024
PETZ3,Petz,13.297.100,"3,55","+0,00%",1600776704.0,17/02/2024
PGMN3,Pague Menos,1.580.500,"2,91","+2,46%",1593629440.0,17/02/2024
VLID3,Valid,416.500,"19,59","+2,35%",1569713536.0,17/02/2024
CEED4,CEEE D,200,"22,00","+1,20%",1562890880.0,17/02/2024
CEED3,CEEE D,100,"22,90","-5,68%",1562890496.0,17/02/2024
SCAR3,São Carlos,400,"27,18","+1,61%",1557946752.0,17/02/2024
MLAS3,Multilaser,1.871.200,"1,91","+2,14%",1552155648.0,17/02/2024
CEBR6,CEB,4.000,"23,15","+0,17%",1538278144.0,17/02/2024
CEBR3,CEB,2.600,"20,36","+3,46%",1538277504.0,17/02/2024
CEBR5,CEB,6.400,"18,55","+3,06%",1538277248.0,17/02/2024
LAVV3,Lavvi Incorporadora,471.500,"7,76","+2,11%",1516567936.0,17/02/2024
CSED3,Cruzeiro do Sul Educacional,962.700,"4,15","+5,60%",1512853504.0,17/02/2024
DESK3,Desktop,486.900,"13,09","+0,23%",1508818816.0,17/02/2024
EVEN3,Even,630.900,"7,57","+1,20%",1503667072.0,17/02/2024
EUCA3,Eucatex,600,"16,30","+1,56%",1488126336.0,17/02/2024
EUCA4,Eucatex,106.200,"16,06","+1,58%",1488125952.0,17/02/2024
LAND3,Terra Santa,33.600,"15,36","+0,52%",1477741056.0,17/02/2024
CVCB3,CVC,12.034.900,"3,15","+0,32%",1398303872.0,17/02/2024
FIQE3,Unifique,213.100,"3,92","+2,89%",1383955968.0,17/02/2024
FRIO3,Metalfrio,4.700,"330,00","+6,45%",1355227520.0,17/02/2024
EMAE4,EMAE,3.000,"60,50","+4,31%",1345622912.0,17/02/2024
SHUL4,Schulz,233.500,"6,43","+0,31%",1314671360.0,17/02/2024
TEND3,Construtora Tenda,2.580.100,"10,54","+4,98%",1297242112.0,17/02/2024
BRIT3,Brisanet,579.900,"2,87","-0,69%",1279288064.0,17/02/2024
TELB3,Telebras,1.500,"15,19","+3,62%",1231530752.0,17/02/2024
TELB4,Telebras,3.400,"10,81","-0,64%",1231529344.0,17/02/2024
COCE5,Coelce,22.000,"41,64","+0,17%",1176442368.0,17/02/2024
VITT3,Vittia,745.300,"8,17","+3,16%",1148889984.0,17/02/2024
DEXP4,Dexxos,1.000,"12,00","-2,83%",1133484032.0,17/02/2024
DEXP3,Dexxos,52.700,"12,11","+1,51%",1133483904.0,17/02/2024
OFSA3,Ourofino Saúde Animal,8.600,"20,75","-2,12%",1115677696.0,17/02/2024
ROMI3,Indústrias ROMI,212.000,"12,42","+0,98%",1102076288.0,17/02/2024
ZAMP3,Zamp,3.204.400,"4,08","-14,29%",1088433792.0,17/02/2024
BMOB3,Bemobi,167.900,"12,60","+2,27%",1087367424.0,17/02/2024
OPCT3,OceanPact,739.500,"5,43","+0,93%",1076019584.0,17/02/2024
CRPG3,Tronox Pigmentos,300,"37,30","-9,00%",1063049984.0,17/02/2024
CRPG5,Tronox Pigmentos,900,"36,16","+0,19%",1063049728.0,17/02/2024
CRPG6,Tronox Pigmentos,100,"36,49","+0,91%",1063048640.0,17/02/2024
PCAR3,Grupo Pão de Açúcar,2.397.800,"3,90","+1,83%",1052918144.0,17/02/2024
AALR3,Alliança,92.400,"8,68","+3,21%",1025698304.0,17/02/2024
POSI3,Positivo,600.300,"7,17","-0,69%",1004990208.0,17/02/2024
WIZC3,Wiz Soluções,315.900,"6,26","+1,62%",1001017920.0,17/02/2024
AVLL3,Alphaville,500,"5,10","+2,41%",996182976.0,17/02/2024
BRIV4,Alfa Investimento,200,"11,19","+1,73%",991210176.0,17/02/2024
BRIV3,Alfa Investimento,8.900,"11,20","+0,36%",991210048.0,17/02/2024
ALPK3,Estapar,105.500,"4,50","+2,04%",972040448.0,17/02/2024
WLMM4,WLM,3.000,"28,44","-1,93%",962056960.0,17/02/2024
WLMM3,WLM,200,"24,00","+0,00%",962056832.0,17/02/2024
EMAE3,EMAE,100,"26,01","+33,25%",961883648.0,17/02/2024
AERI3,Aeris Energy,2.584.200,"0,76","+0,00%",930589632.0,17/02/2024
MDNE3,Moura Dubeux,252.300,"10,98","+1,86%",916584000.0,17/02/2024
PINE3,PINE,400,"4,49","+10,59%",914352512.0,17/02/2024
PINE4,PINE,363.000,"4,43","+5,98%",914351936.0,17/02/2024
LJQQ3,Lojas Quero-Quero,1.852.600,"4,77","+1,49%",906152064.0,17/02/2024
MELK3,Melnick,170.500,"4,45","+1,14%",902095040.0,17/02/2024
APER3,Alper,700,"43,28","-1,19%",882513792.0,17/02/2024
BRGE7,Consórcio Alfa,1.600,"11,50","+6,28%",865829312.0,17/02/2024
BRGE3,Consórcio Alfa,100,"11,70","-1,02%",865829184.0,17/02/2024
BRGE8,Consórcio Alfa,200,"11,47","-2,88%",865829056.0,17/02/2024
BRGE11,Consórcio Alfa,4.300,"11,81","+3,51%",865828928.0,17/02/2024
BRGE6,Consórcio Alfa,200,"12,00","+0,08%",865828800.0,17/02/2024
BRGE5,Consórcio Alfa,500,"11,60","+0,00%",865828672.0,17/02/2024
BRGE12,Consórcio Alfa,100,"11,85","+3,77%",865828544.0,17/02/2024
PTBL3,Portobello,463.600,"5,85","+0,86%",824773952.0,17/02/2024
PEAB4,Participações Aliança da Bahia,100,"45,00","+2,25%",822419968.0,17/02/2024
PEAB3,Participações Aliança da Bahia,500,"42,00","+0,00%",822418816.0,17/02/2024
TRIS3,Trisul,383.700,"4,34","+1,64%",790370432.0,17/02/2024
LIPR3,Eletropar,100,"67,01","+0,00%",788365952.0,17/02/2024
CSUD3,CSU Cardsystem,68.700,"18,49","+0,71%",762832704.0,17/02/2024
CLSA3,ClearSale,581.700,"3,90","-1,76%",732911424.0,17/02/2024
SEER3,Ser Educacional,3.523.800,"5,60","-5,41%",718675968.0,17/02/2024
KRSA3,Kora Saúde,144.100,"0,91","-4,21%",699317760.0,17/02/2024
RPAD3,Alfa Holdings,1.200,"8,30","-0,24%",696916992.0,17/02/2024
RPAD6,Alfa Holdings,300,"8,05","-0,12%",696916736.0,17/02/2024
RPAD5,Alfa Holdings,100,"8,31","+1,34%",696916544.0,17/02/2024
SYNE3,SYN,94.100,"4,49","+3,22%",685371520.0,17/02/2024
OIBR3,Oi,24.007.400,"1,05","-0,94%",642186304.0,17/02/2024
OIBR4,Oi,152.600,"2,12","-0,47%",642186176.0,17/02/2024
ALLD3,Allied,10.100,"6,83","+0,15%",636696704.0,17/02/2024
PATI3,Panatlântica,100,"26,19","+0,73%",634282496.0,17/02/2024
PATI4,Panatlântica,200,"33,50","-1,47%",634282304.0,17/02/2024
CRIV4,Alfa Financeira,500,"6,20","-1,12%",630589568.0,17/02/2024
CRIV3,Alfa Financeira,15.000,"6,10","+0,00%",630587520.0,17/02/2024
CASH3,Méliuz,1.616.300,"7,05","-1,40%",610768320.0,17/02/2024
QUAL3,Qualicorp,8.596.400,"2,14","+5,42%",597590720.0,17/02/2024
PFRM3,Profarma,110.800,"4,80","+4,35%",588532800.0,17/02/2024
MTSA3,METISA,100,"79,00","+2,60%",553071104.0,17/02/2024
AMER3,Americanas,24.180.300,"0,59","+3,51%",532487936.0,17/02/2024
IFCM3,Infracommerce,6.010.100,"1,34","+2,29%",527706752.0,17/02/2024
MEAL3,IMC Alimentação,681.600,"1,83","+1,67%",522360704.0,17/02/2024
MTRE3,Mitre Realty,1.271.900,"4,87","+1,46%",515124224.0,17/02/2024
CGRA4,Grazziotin,6.400,"25,50","+1,03%",505846048.0,17/02/2024
CGRA3,Grazziotin,1.200,"24,75","-2,33%",505845440.0,17/02/2024
HBRE3,HBR Realty,445.100,"4,82","+1,47%",494527200.0,17/02/2024
PRNR3,Priner,215.900,"10,98","+0,09%",493230368.0,17/02/2024
BIOM3,Biomm,35.400,"5,36","-1,47%",490314016.0,17/02/2024
AFLT3,Afluente T,500,"7,74","-1,65%",488275552.0,17/02/2024
BGIP4,Banese,100,"25,80","-2,01%",470194656.0,17/02/2024
BGIP3,Banese,200,"27,05","-1,02%",470193920.0,17/02/2024
CAMB3,Cambuci,26.800,"11,20","+3,04%",469596960.0,17/02/2024
DOHL3,Döhler,100,"6,51","-7,00%",459837760.0,17/02/2024
DOHL4,Döhler,500,"4,97","+0,00%",459837312.0,17/02/2024
ETER3,Eternit,177.200,"7,15","+2,88%",441308736.0,17/02/2024
PTNT4,Pettenati,47.100,"7,70","-1,66%",438830688.0,17/02/2024
PTNT3,Pettenati,400,"12,00","+0,67%",438830400.0,17/02/2024
GFSA3,Gafisa,3.935.900,"6,00","+2,56%",415502400.0,17/02/2024
ESPA3,Espaçolaser,1.556.700,"0,98","+4,26%",354194560.0,17/02/2024
HBOR3,Helbor,651.500,"2,64","-1,49%",350312160.0,17/02/2024
RNEW3,Renova Energia,139.900,"1,36","+3,82%",336804000.0,17/02/2024
RNEW4,Renova Energia,473.400,"1,34","+3,08%",336803648.0,17/02/2024
FHER3,Fertilizantes Heringer,5.200,"5,96","-0,33%",320989504.0,17/02/2024
ENJU3,Enjoei,337.500,"1,55","+3,33%",314078048.0,17/02/2024
AGXY3,AgroGalaxy,286.000,"1,84","+1,66%",308069344.0,17/02/2024
CSAB4,Cia. de Seg. Aliança da Bahia,1.600,"48,97","+19,47%",305164896.0,17/02/2024
CSAB3,Cia. de Seg. Aliança da Bahia,100,"30,50","-1,61%",305164704.0,17/02/2024
DMVF3,D1000 Varejo Farma,73.300,"5,75","-3,36%",290966112.0,17/02/2024
BOBR4,Bombril,52.500,"2,32","+4,04%",285114080.0,17/02/2024
LPSB3,Lopes,150.600,"1,96","-0,51%",269084480.0,17/02/2024
MSPA3,Melhoramentos,400,"46,25","-7,52%",260454096.0,17/02/2024
AZEV3,Azevedo & Travassos,334.400,"1,53","+0,00%",256749296.0,17/02/2024
AZEV4,Azevedo & Travassos,1.355.900,"1,53","+0,66%",256749296.0,17/02/2024
NINJ3,GetNinjas,10.100,"5,05","-0,20%",256524864.0,17/02/2024
CEDO3,Cedro Têxtil,5.300,"24,84","+5,70%",251405648.0,17/02/2024
CEDO4,Cedro Têxtil,3.200,"25,54","-2,70%",251405040.0,17/02/2024
LVTC3,WDC Networks,23.600,"3,89","+0,00%",246865248.0,17/02/2024
NGRD3,Neogrid,445.300,"1,08","+0,93%",246805936.0,17/02/2024
PDTC3,Padtec,30.400,"3,00","-0,33%",238436112.0,17/02/2024
TECN3,Technos,170.600,"3,37","+0,60%",232458224.0,17/02/2024
MBLY3,Mobly,761.800,"2,18","+3,32%",232148208.0,17/02/2024
JOPA4,Josapar,100,"33,80","-1,20%",223911136.0,17/02/2024
IGBR3,IGB Eletrônica,700,"175,99","+1,14%",220075504.0,17/02/2024
JOPA3,Josapar,100,"21,00","+0,00%",219471008.0,17/02/2024
TCSA3,Tecnisa,50.900,"2,97","-2,62%",218649024.0,17/02/2024
EALT3,Electro Aço Altona,500,"9,31","+0,11%",218272960.0,17/02/2024
EALT4,Electro Aço Altona,14.500,"10,00","+1,11%",218272000.0,17/02/2024
MTSA4,METISA,700,"47,98","+1,05%",217694848.0,17/02/2024
MERC3,Mercantil do Brasil Financeira,51.500,"15,28","+1,13%",217247984.0,17/02/2024
HBTS5,Habitasul,400,"35,00","+6,06%",208261552.0,17/02/2024
TRAD3,Traders Club,883.300,"0,74","+4,23%",207201472.0,17/02/2024
RSUL4,Metalúrgica Riosulense,1.500,"78,25","+1,89%",195250960.0,17/02/2024
BAUH4,Excelsior,400,"80,86","+0,00%",192065952.0,17/02/2024
SEQL3,Sequoia Logística,9.531.100,"0,49","+2,08%",190552672.0,17/02/2024
AMAR3,Lojas Marisa,322.200,"2,72","+1,12%",186394528.0,17/02/2024
LUXM4,Trevisa,100,"15,89","-0,56%",184196880.0,17/02/2024
RDNI3,RNI,1.000,"4,31","-1,82%",181895360.0,17/02/2024
BAHI3,Bahema,3.500,"6,79","+0,59%",179192176.0,17/02/2024
INEP4,Inepar,29.400,"3,21","+2,56%",175781856.0,17/02/2024
UCAS3,Unicasa,41.300,"2,63","-0,38%",173807232.0,17/02/2024
ECPR3,Encorpar,300,"90,25","+12,97%",171909104.0,17/02/2024
ECPR4,Encorpar,100,"90,74","+0,42%",171908736.0,17/02/2024
PMAM3,Paranapanema,4.800,"3,79","+0,80%",164495088.0,17/02/2024
BMKS3,Monark,5,"360,00","+2,83%",163710000.0,17/02/2024
TPIS3,Triunfo,60.100,"3,75","+1,35%",162662624.0,17/02/2024
CTNM3,Coteminas,200,"9,65","-1,53%",157337456.0,17/02/2024
CTNM4,Coteminas,74.000,"1,38","-0,72%",157336560.0,17/02/2024
EPAR3,Embpar Participações,4.200,"9,70","+2,65%",144147824.0,17/02/2024
ODER4,Conservas Oderich,100,"100,00","+12,35%",142852000.0,17/02/2024
MNPR3,Minupar,200,"20,08","+1,57%",142568000.0,17/02/2024
RPMG3,Refinaria de Manguinhos,39.300,"2,07","+0,49%",140106512.0,17/02/2024
SHOW3,Time For Fun,351.700,"2,03","-2,87%",136847584.0,17/02/2024
WEST3,Westwing,17.000,"1,22","+0,83%",135180880.0,17/02/2024
RCSL4,Recrusul,1.062.800,"0,71","+1,43%",134310688.0,17/02/2024
RCSL3,Recrusul,4.700.200,"1,74","+4,82%",134310432.0,17/02/2024
AHEB5,São Paulo Turismo,100,"16,61","+0,00%",131056064.0,17/02/2024
AHEB3,São Paulo Turismo,200,"15,50","+0,00%",131056064.0,17/02/2024
AHEB6,São Paulo Turismo,100,"17,02","+0,06%",127572736.0,17/02/2024
INEP3,Inepar,40.900,"3,81","-2,31%",126791464.0,17/02/2024
SNSY6,Sansuy,100,"11,51","+4,64%",116635440.0,17/02/2024
SOND3,Sondotécnica,200,"46,01","+14,45%",107873664.0,17/02/2024
BALM3,Baumer,100,"11,70","+6,36%",107623856.0,17/02/2024
BALM4,Baumer,100,"10,30","+0,00%",107623672.0,17/02/2024
MNDL3,Mundial,900,"39,60","-0,10%",98187408.0,17/02/2024
DOTZ3,Dotz,5.700,"7,38","+3,22%",96331880.0,17/02/2024
TKNO4,Tekno,200,"69,90","+0,01%",95113632.0,17/02/2024
CTKA3,Karsten,100,"13,01","-12,27%",94671952.0,17/02/2024
CTKA4,Karsten,100,"17,20","+0,00%",94671904.0,17/02/2024
VIVR3,Viver,58.000,"3,88","-1,02%",92581848.0,17/02/2024
BMIN3,Banco Mercantil de Investimentos,200,"19,51","+0,98%",91569016.0,17/02/2024
BMIN4,Banco Mercantil de Investimentos,100,"15,89","+6,57%",91568984.0,17/02/2024
PLAS3,Plascar,300,"7,00","+2,64%",86977800.0,17/02/2024
MERC4,Mercantil do Brasil Financeira,200,"11,00","+0,00%",86134840.0,17/02/2024
SOND6,Sondotécnica,200,"50,00","-13,78%",81813000.0,17/02/2024
SOND5,Sondotécnica,100,"54,00","+0,00%",81812704.0,17/02/2024
ATMP3,Atma,6.700,"3,01","+1,35%",80391680.0,17/02/2024
NORD3,Nordon,2.400,"11,77","-10,97%",77934944.0,17/02/2024
LUPA3,Lupatech,128.700,"1,89","+4,42%",77565224.0,17/02/2024
RSID3,Rossi Residencial,54.500,"3,60","-4,76%",71117640.0,17/02/2024
NUTR3,Nutriplant,3.300,"5,20","-1,89%",68813680.0,17/02/2024
CALI3,Adolpho Lindenberg,500,"17,50","-8,85%",65116976.0,17/02/2024
CTSA3,Santanense,300,"3,24","+2,21%",62863776.0,17/02/2024
CTSA4,Santanense,33.200,"1,75","+0,00%",62863676.0,17/02/2024
BRPR3,BR Properties,10.600,"131,17","+2,48%",60919544.0,17/02/2024
DTCY3,Dtcom,200,"4,99","-0,20%",55544188.0,17/02/2024
SNSY3,Sansuy,14.800,"11,00","-0,81%",55407880.0,17/02/2024
SNSY5,Sansuy,2.100,"5,18","-1,52%",55407868.0,17/02/2024
SGPS3,Springs,570.800,"1,01","-1,94%",50500000.0,17/02/2024
MGEL4,Mangels,1.600,"13,35","-5,25%",49608200.0,17/02/2024
ATOM3,ATOM,62.400,"1,99","-2,45%",47371752.0,17/02/2024
ESTR4,Estrela,2.500,"3,75","-1,57%",41764876.0,17/02/2024
ESTR3,Estrela,100,"8,00","-20,00%",41764720.0,17/02/2024
JFEN3,João Fortes,11.600,"1,82","+0,55%",38294256.0,17/02/2024
FIEI3,Fica,300,"12,99","+8,25%",31463728.0,17/02/2024
MSPA4,Melhoramentos,100,"40,00","+0,00%",30920000.0,17/02/2024
PDGR3,PDG Realty,598.200,"0,34","-2,86%",26434592.0,17/02/2024
GSHP3,General Shopping & Outlets,100,"14,00","+0,00%",26254760.0,17/02/2024
HOOT4,Hotéis Othon,2.800,"2,83","-4,07%",22341406.0,17/02/2024
MWET3,Wetzel,100,"13,30","+0,08%",18258506.0,17/02/2024
HETA3,Hercules,200,"96,00","+0,00%",18051072.0,17/02/2024
HAGA4,Haga,4.200,"1,05","+1,94%",17850000.0,17/02/2024
HAGA3,Haga,1.000,"2,40","-2,83%",17850000.0,17/02/2024
SLED4,Saraiva,64.300,"1,60","-1,84%",16496320.0,17/02/2024
SLED3,Saraiva,3.000,"3,21","-0,31%",16496254.0,17/02/2024
OSXB3,OSX Brasil,16.600,"5,07","+4,75%",15960563.0,17/02/2024
BDLL4,Bardella,100,"8,01","+0,00%",15845863.0,17/02/2024
BDLL3,Bardella,600,"13,00","+18,18%",15845830.0,17/02/2024
NEXP3,Brasil Brokers,2.000,"4,75","-3,85%",12557860.0,17/02/2024
DMFN3,DM Financeira,100,"12,50","-10,71%",11385612.0,17/02/2024
TEKA4,Teka,17.500,"32,00","+19,85%",10727680.0,17/02/2024
FIGE3,Investimentos Bemge,100,"12,03","+99,83%",9529252.0,17/02/2024
MAPT4,Cemepe,100,"8,27","+0,00%",9294405.0,17/02/2024
MAPT3,Cemepe,100,"12,00","+0,00%",9294384.0,17/02/2024
TEKA3,Teka,100,"8,23","+1,73%",8371720.0,17/02/2024
MWET4,Wetzel,100,"5,62","-1,23%",7709403.0,17/02/2024
FRTA3,Pomi Frutas,4.700,"1,49","-1,32%",3059879.0,17/02/2024
HETA4,Hercules,3.600,"6,59","+6,46%",2232698.0,17/02/2024
CORR4,Corrêa Ribeiro,100,"82,00","+18,84%",1257716.0,17/02/2024
RAIZ4,Raízen,10.342.200,"3,89","+1,83%",,17/02/2024
IGTI4,Iguatemi,200,"10,11","-0,88%",,17/02/2024
IGTI4,Jereissati Participações,200,"10,11","-0,88%",,17/02/2024
MEGA3,OMEGA ENERGIA S.A.,2.220.100,"9,62","+1,48%",,17/02/2024
SQIA3,Sinqia,1.444.800,"27,37","-0,29%",,17/02/2024
ALSO3,Aliansce Sonae,5.883.300,"23,33","+2,06%",,17/02/2024
VIIA3,VIIA3,213.149.200,"0,75","+2,74%",,17/02/2024
ENBR3,EDP Brasil,1.697.900,"24,08","+0,12%",,17/02/2024
BOAS3,Boa Vista,23.239.000,"7,95","-0,38%",,17/02/2024
MODL3,Banco Modal,16.688.000,"3,08","+0,33%",,17/02/2024
CRDE3,CRDE3,400,"16,00","+0,00%",,17/02/2024
PARD3,Hermes Pardini,1.861.800,"18,10","+1,29%",,17/02/2024
WIZS3,WIZS3,779.400,"7,16","+1,99%",,17/02/2024
LLIS3,LLIS3,249.800,"1,73","+2,98%",,17/02/2024
BRML3,BRMalls,16.132.900,"8,26","+2,35%",,17/02/2024
DMMO3,Dommo Energia,3.254.800,"1,76","-1,12%",,17/02/2024
GETT3,Getnet,46.500,"2,40","+1,27%",,17/02/2024
GETT4,Getnet,18.500,"2,40","+1,27%",,17/02/2024
SULA4,SulAmérica,18.600,"7,63","+5,53%",,17/02/2024
SULA3,SulAmérica,4.000,"7,43","+1,50%",,17/02/2024
CEPE5,CELPE,100,"40,12","+0,02%",,17/02/2024
TCNO4,Tecnosolo,36.800,"0,85","-9,57%",,17/02/2024
TCNO3,Tecnosolo,3.400,"1,20","-1,64%",,17/02/2024
CEPE6,CELPE,100,"43,00","+6,17%",,17/02/2024
BKBR3,BKBR3,782.300,"7,63","+0,26%",,17/02/2024
MTIG4,Metalgráfica Iguaçu,100,"23,00","+0,00%",,17/02/2024
BLUT4,Blue Tech Solutions,171.100,"1,52","-5,59%",,17/02/2024
BLUT3,Blue Tech Solutions,13.400,"5,14","+0,59%",,17/02/2024
MODL4,Banco Modal,700,"2,72","-2,16%",,17/02/2024
CARD3,CARD3,118.000,"14,51","+1,82%",,17/02/2024
FNCN3,FNCN3,4.800,"14,25","-0,35%",,17/02/2024
LCAM3,Locamerica,26.118.900,"24,15","+1,86%",,17/02/2024
BIDI4,Banco Inter,52.479.800,"3,41","-2,01%",,17/02/2024
BIDI3,Banco Inter,15.262.400,"3,40","-2,58%",,17/02/2024
EEEL4,CEEE GT,100,"410,00","-2,88%",,17/02/2024
EEEL3,CEEE GT,400,"421,01","+5,25%",,17/02/2024
BBRK3,BBRK3,1.279.600,"0,80","+1,27%",,17/02/2024
CESP6,CESP,9.306.600,"25,25","+1,41%",,17/02/2024
CESP3,CESP,11.500,"25,55","+1,71%",,17/02/2024
CESP5,CESP,300,"25,00","+2,75%",,17/02/2024
MOSI3,Mosaico,1.021.200,"8,24","+3,00%",,17/02/2024
POWE3,Focus Energia,678.000,"10,90","-2,24%",,17/02/2024
GNDI3,NotreDame Intermédica,33.458.600,"65,34","+0,00%",,17/02/2024
LAME4,Lojas Americanas,43.631.000,"6,55","+2,02%",,17/02/2024
LAME3,Lojas Americanas,10.941.100,"6,62","+2,95%",,17/02/2024
OMGE3,Omega Geração,834.900,"27,57","-0,86%",,17/02/2024
IGTA3,IGTA3,1.643.400,"33,13","+0,18%",,17/02/2024
JPSA3,JPSA3,100.100,"29,02","+1,75%",,17/02/2024
BRDT3,BRDT3,24.483.500,"22,03","-5,17%",,17/02/2024
JBDU4,JBDU4,2.556.100,"1,36","+3,82%",,17/02/2024
JBDU3,JBDU3,1.890.100,"3,12","+9,09%",,17/02/2024
HGTX3,Hering,7.519.800,"37,50","-2,65%",,17/02/2024
CCPR3,CCPR3,328.200,"10,16","-4,51%",,17/02/2024
DTEX3,DTEX3,2.867.800,"20,63","-3,10%",,17/02/2024
VVAR3,VVAR3,64.987.000,"11,30","-6,38%",,17/02/2024
PNVL4,Dimed,2.000,"18,62","-2,67%",,17/02/2024
TESA3,Terra Santa,41.100,"48,00","-2,74%",,17/02/2024
BTOW3,BTOW3,11.169.600,"68,00","+4,15%",,17/02/2024
LINX3,Linx,8.510.000,"37,40","-0,27%",,17/02/2024
BTTL3,BTTL3,6.100,"19,72","-2,33%",,17/02/2024
GPCP3,GPCP3,698.100,"49,00","-3,92%",,17/02/2024
GPCP4,GPCP4,5.300,"45,51","-1,30%",,17/02/2024
SMLS3,Smiles,1.944.100,"22,40","-1,71%",,17/02/2024
MMXM3,MMX Mineração,1.240.300,"14,00","-30,35%",,17/02/2024
BSEV3,Biosev,528.800,"9,00","+8,43%",,17/02/2024
CNTO3,CNTO3,2.083.600,"28,08","+4,78%",,17/02/2024
TIET4,AES Tietê Energia,323.700,"3,51","+1,15%",,17/02/2024
TIET3,AES Tietê Energia,169.100,"3,49","+0,87%",,17/02/2024
CEPE3,CELPE,1.300,"128,00","+85,32%",,17/02/2024
CALI4,Adolpho Lindenberg,100,"50,00","+4,17%",,17/02/2024
CASN4,CASAN,100,"10,00","-16,67%",,17/02/2024
BPAR3,Banpará,100,"182,07","+20,58%",,17/02/2024
APTI4,Aliperti,200,"3.500,00","-61,96%",,17/02/2024
VSPT3,FCA,1.000.000,"4.999.999,50","+114,29%",,17/02/2024
MTIG3,Metalgráfica Iguaçu,400,"156,30","+29,60%",,17/02/2024
FIGE4,Investimentos Bemge,100,"38,01","-4,97%",,17/02/2024
LUXM3,Trevisa,200,"2,50","+8,23%",,17/02/2024
TKNO3,Tekno,100,"85,79","+10,64%",,17/02/2024
COCE6,Coelce,100,"35,00","+16,63%",,17/02/2024
MGEL3,Mangels,100,"75,00","+8,70%",,17/02/2024
CTSA8,Santanense,2.000,"1,00","+0,00%",,17/02/2024
MMAQ4,Minasmáquinas,14,"200,06","-28,55%",,17/02/2024
